{"centralized_accuracy":0.5624,"_timestamp":1.7485196390903678e+09,"_runtime":163.7085703,"_step":4,"_wandb":{"runtime":163},"loss":2.1153093523110824}