{"_wandb":{"runtime":39},"loss":2.307327566055444,"centralized_accuracy":0.0998,"_timestamp":1.7485366939079003e+09,"_runtime":39.2519376,"_step":0}