{"_step":4,"_wandb":{"runtime":203},"loss":0.8950573605851243,"centralized_accuracy":0.6528,"_timestamp":1.7485370575843139e+09,"_runtime":203.5901256}